<InvariantTable>
	<Invariant>
		<uName>S19</uName>
		<yName>S10</yName>
		<fitness>0.9622110039912513</fitness>
		<significance>63.650256832139455</significance>
	</Invariant>
	<Invariant>
		<uName>S14</uName>
		<yName>S10</yName>
		<fitness>0.7719865126523942</fitness>
		<significance>134.85852404927255</significance>
	</Invariant>
	<Invariant>
		<uName>S16</uName>
		<yName>S10</yName>
		<fitness>0.962098176785434</fitness>
		<significance>1.5046643851338082</significance>
	</Invariant>
	<Invariant>
		<uName>S17</uName>
		<yName>S10</yName>
		<fitness>0.9600740194025552</fitness>
		<significance>95.96208081893135</significance>
	</Invariant>
	<Invariant>
		<uName>S20</uName>
		<yName>S10</yName>
		<fitness>0.9623435380154679</fitness>
		<significance>56.09269473036427</significance>
	</Invariant>
	<Invariant>
		<uName>S12</uName>
		<yName>S10</yName>
		<fitness>0.9609703763964466</fitness>
		<significance>147.99523976789573</significance>
	</Invariant>
	<Invariant>
		<uName>S126</uName>
		<yName>S11</yName>
		<fitness>0.8202037784402372</fitness>
		<significance>149.388288214035</significance>
	</Invariant>
	<Invariant>
		<uName>S18</uName>
		<yName>S10</yName>
		<fitness>0.9612499849732732</fitness>
		<significance>1.4958052805110285</significance>
	</Invariant>
	<Invariant>
		<uName>S25</uName>
		<yName>S14</yName>
		<fitness>0.7014760731158001</fitness>
		<significance>3657.4662760879514</significance>
	</Invariant>
	<Invariant>
		<uName>S14</uName>
		<yName>S19</yName>
		<fitness>0.7743159056335785</fitness>
		<significance>91.96246831059517</significance>
	</Invariant>
	<Invariant>
		<uName>S22</uName>
		<yName>S14</yName>
		<fitness>0.8818732070792442</fitness>
		<significance>5860.644702722416</significance>
	</Invariant>
	<Invariant>
		<uName>S14</uName>
		<yName>S20</yName>
		<fitness>0.7771963573652497</fitness>
		<significance>95.5354637985959</significance>
	</Invariant>
	<Invariant>
		<uName>S14</uName>
		<yName>S21</yName>
		<fitness>0.8295067097937754</fitness>
		<significance>2935.555269212715</significance>
	</Invariant>
	<Invariant>
		<uName>S14</uName>
		<yName>S17</yName>
		<fitness>0.7683661068251525</fitness>
		<significance>99.17013621511178</significance>
	</Invariant>
	<Invariant>
		<uName>S15</uName>
		<yName>S14</yName>
		<fitness>0.9320971936226574</fitness>
		<significance>5250.0080851921675</significance>
	</Invariant>
	<Invariant>
		<uName>S14</uName>
		<yName>S12</yName>
		<fitness>0.7820902089258867</fitness>
		<significance>483.9057614151121</significance>
	</Invariant>
	<Invariant>
		<uName>S2</uName>
		<yName>S14</yName>
		<fitness>0.7709848969093172</fitness>
		<significance>888.1938149211286</significance>
	</Invariant>
	<Invariant>
		<uName>S13</uName>
		<yName>S14</yName>
		<fitness>0.9999995023451737</fitness>
		<significance>1.5106844408914285E9</significance>
	</Invariant>
	<Invariant>
		<uName>S15</uName>
		<yName>S19</yName>
		<fitness>0.7609604117561283</fitness>
		<significance>100.97922802241814</significance>
	</Invariant>
	<Invariant>
		<uName>S15</uName>
		<yName>S20</yName>
		<fitness>0.7644757202493093</fitness>
		<significance>99.09266659771161</significance>
	</Invariant>
	<Invariant>
		<uName>S5</uName>
		<yName>S14</yName>
		<fitness>0.7938584100871467</fitness>
		<significance>3628.737852640644</significance>
	</Invariant>
	<Invariant>
		<uName>S6</uName>
		<yName>S14</yName>
		<fitness>0.7984178872394361</fitness>
		<significance>3765.9729638497024</significance>
	</Invariant>
	<Invariant>
		<uName>S15</uName>
		<yName>S17</yName>
		<fitness>0.7558530418239539</fitness>
		<significance>16.371926194085475</significance>
	</Invariant>
	<Invariant>
		<uName>S7</uName>
		<yName>S14</yName>
		<fitness>0.7934883253093791</fitness>
		<significance>3719.4115984656146</significance>
	</Invariant>
	<Invariant>
		<uName>S8</uName>
		<yName>S14</yName>
		<fitness>0.7921667725870606</fitness>
		<significance>3834.1003770576867</significance>
	</Invariant>
	<Invariant>
		<uName>S9</uName>
		<yName>S14</yName>
		<fitness>0.7746424756982728</fitness>
		<significance>3915.147950507024</significance>
	</Invariant>
	<Invariant>
		<uName>S15</uName>
		<yName>S12</yName>
		<fitness>0.7699381774711405</fitness>
		<significance>496.9507382016469</significance>
	</Invariant>
	<Invariant>
		<uName>S25</uName>
		<yName>S12</yName>
		<fitness>0.8590127485801959</fitness>
		<significance>501.4558147080631</significance>
	</Invariant>
	<Invariant>
		<uName>S2</uName>
		<yName>S15</yName>
		<fitness>0.7555434622191148</fitness>
		<significance>1.2291255238476317</significance>
	</Invariant>
	<Invariant>
		<uName>S23</uName>
		<yName>S12</yName>
		<fitness>0.7642830736307757</fitness>
		<significance>491.89142626652773</significance>
	</Invariant>
	<Invariant>
		<uName>S19</uName>
		<yName>S12</yName>
		<fitness>0.9597154327262543</fitness>
		<significance>434.48409930747755</significance>
	</Invariant>
	<Invariant>
		<uName>S22</uName>
		<yName>S12</yName>
		<fitness>0.8662368969975608</fitness>
		<significance>487.3995438428151</significance>
	</Invariant>
	<Invariant>
		<uName>S50</uName>
		<yName>S12</yName>
		<fitness>0.7252258835291385</fitness>
		<significance>453.8975450087722</significance>
	</Invariant>
	<Invariant>
		<uName>S20</uName>
		<yName>S12</yName>
		<fitness>0.9591891077833836</fitness>
		<significance>506.2047375203692</significance>
	</Invariant>
	<Invariant>
		<uName>S51</uName>
		<yName>S12</yName>
		<fitness>0.7108838941881002</fitness>
		<significance>468.30791086659434</significance>
	</Invariant>
	<Invariant>
		<uName>S16</uName>
		<yName>S12</yName>
		<fitness>0.958178219482689</fitness>
		<significance>506.99182209808305</significance>
	</Invariant>
	<Invariant>
		<uName>S17</uName>
		<yName>S12</yName>
		<fitness>0.9571247148281058</fitness>
		<significance>540.4588842598804</significance>
	</Invariant>
	<Invariant>
		<uName>S53</uName>
		<yName>S12</yName>
		<fitness>0.7742462690134202</fitness>
		<significance>455.46788508294384</significance>
	</Invariant>
	<Invariant>
		<uName>S43</uName>
		<yName>S12</yName>
		<fitness>0.7085716367877062</fitness>
		<significance>449.77139125672124</significance>
	</Invariant>
	<Invariant>
		<uName>S52</uName>
		<yName>S12</yName>
		<fitness>0.735020248284115</fitness>
		<significance>477.79312476026274</significance>
	</Invariant>
	<Invariant>
		<uName>S13</uName>
		<yName>S12</yName>
		<fitness>0.7820902089258867</fitness>
		<significance>483.9057614151121</significance>
	</Invariant>
	<Invariant>
		<uName>S41</uName>
		<yName>S12</yName>
		<fitness>0.7888926747099374</fitness>
		<significance>472.25894679467615</significance>
	</Invariant>
	<Invariant>
		<uName>S18</uName>
		<yName>S12</yName>
		<fitness>0.9587179838998174</fitness>
		<significance>507.1444815551396</significance>
	</Invariant>
	<Invariant>
		<uName>S40</uName>
		<yName>S12</yName>
		<fitness>0.8263149288158105</fitness>
		<significance>479.53506995869805</significance>
	</Invariant>
	<Invariant>
		<uName>S13</uName>
		<yName>S19</yName>
		<fitness>0.7743159056335785</fitness>
		<significance>91.96246831059517</significance>
	</Invariant>
	<Invariant>
		<uName>S2</uName>
		<yName>S12</yName>
		<fitness>0.9601026856746023</fitness>
		<significance>518.2455304049842</significance>
	</Invariant>
	<Invariant>
		<uName>S1</uName>
		<yName>S12</yName>
		<fitness>0.9086219694846879</fitness>
		<significance>543.0050372746888</significance>
	</Invariant>
	<Invariant>
		<uName>S13</uName>
		<yName>S17</yName>
		<fitness>0.7683661068251525</fitness>
		<significance>99.17013621511178</significance>
	</Invariant>
	<Invariant>
		<uName>S13</uName>
		<yName>S20</yName>
		<fitness>0.7771963573652497</fitness>
		<significance>95.5354637985959</significance>
	</Invariant>
	<Invariant>
		<uName>S47</uName>
		<yName>S12</yName>
		<fitness>0.7226776466739544</fitness>
		<significance>477.280399060104</significance>
	</Invariant>
	<Invariant>
		<uName>S19</uName>
		<yName>S18</yName>
		<fitness>0.9613390196687288</fitness>
		<significance>141.53787520709892</significance>
	</Invariant>
	<Invariant>
		<uName>S45</uName>
		<yName>S12</yName>
		<fitness>0.7459783520757618</fitness>
		<significance>447.6722086702562</significance>
	</Invariant>
	<Invariant>
		<uName>S5</uName>
		<yName>S12</yName>
		<fitness>0.8546754561233141</fitness>
		<significance>495.76879652386845</significance>
	</Invariant>
	<Invariant>
		<uName>S44</uName>
		<yName>S12</yName>
		<fitness>0.7571313834831659</fitness>
		<significance>455.2408245839671</significance>
	</Invariant>
	<Invariant>
		<uName>S6</uName>
		<yName>S12</yName>
		<fitness>0.8810723092352315</fitness>
		<significance>519.1328684364364</significance>
	</Invariant>
	<Invariant>
		<uName>S18</uName>
		<yName>S17</yName>
		<fitness>0.957500487694068</fitness>
		<significance>323.1970465571528</significance>
	</Invariant>
	<Invariant>
		<uName>S20</uName>
		<yName>S18</yName>
		<fitness>0.9602140245990723</fitness>
		<significance>145.18807837511935</significance>
	</Invariant>
	<Invariant>
		<uName>S7</uName>
		<yName>S12</yName>
		<fitness>0.8797936165631427</fitness>
		<significance>523.9923787318943</significance>
	</Invariant>
	<Invariant>
		<uName>S8</uName>
		<yName>S12</yName>
		<fitness>0.8819578310778017</fitness>
		<significance>536.0876972584359</significance>
	</Invariant>
	<Invariant>
		<uName>S41</uName>
		<yName>S19</yName>
		<fitness>0.7459147482270598</fitness>
		<significance>8.833579797778343</significance>
	</Invariant>
	<Invariant>
		<uName>S2</uName>
		<yName>S13</yName>
		<fitness>0.7709848969093172</fitness>
		<significance>1.2343657956596603</significance>
	</Invariant>
	<Invariant>
		<uName>S9</uName>
		<yName>S12</yName>
		<fitness>0.8707502700597739</fitness>
		<significance>504.89987365523814</significance>
	</Invariant>
	<Invariant>
		<uName>S22</uName>
		<yName>S19</yName>
		<fitness>0.8409062796811266</fitness>
		<significance>21.775261909616898</significance>
	</Invariant>
	<Invariant>
		<uName>S19</uName>
		<yName>S16</yName>
		<fitness>0.9614904470351686</fitness>
		<significance>123.18096000627312</significance>
	</Invariant>
	<Invariant>
		<uName>S19</uName>
		<yName>S17</yName>
		<fitness>0.959136529374298</fitness>
		<significance>217.77621208680037</significance>
	</Invariant>
	<Invariant>
		<uName>S25</uName>
		<yName>S19</yName>
		<fitness>0.8257224569826512</fitness>
		<significance>15.545960902490428</significance>
	</Invariant>
	<Invariant>
		<uName>S18</uName>
		<yName>S2</yName>
		<fitness>0.9755734028668297</fitness>
		<significance>3.978850299410117</significance>
	</Invariant>
	<Invariant>
		<uName>S53</uName>
		<yName>S19</yName>
		<fitness>0.7415312684527999</fitness>
		<significance>9.08024541754876</significance>
	</Invariant>
	<Invariant>
		<uName>S16</uName>
		<yName>S17</yName>
		<fitness>0.9555225156800764</fitness>
		<significance>205.00243450014622</significance>
	</Invariant>
	<Invariant>
		<uName>S23</uName>
		<yName>S19</yName>
		<fitness>0.7416930754071374</fitness>
		<significance>12.269958232941065</significance>
	</Invariant>
	<Invariant>
		<uName>S50</uName>
		<yName>S17</yName>
		<fitness>0.7102140241597259</fitness>
		<significance>8.368613358820257</significance>
	</Invariant>
	<Invariant>
		<uName>S40</uName>
		<yName>S19</yName>
		<fitness>0.7909478914669075</fitness>
		<significance>14.663314418958652</significance>
	</Invariant>
	<Invariant>
		<uName>S19</uName>
		<yName>S2</yName>
		<fitness>0.9791720028288113</fitness>
		<significance>259.03092027849766</significance>
	</Invariant>
	<Invariant>
		<uName>S41</uName>
		<yName>S17</yName>
		<fitness>0.7696407673650819</fitness>
		<significance>8.983961363375172</significance>
	</Invariant>
	<Invariant>
		<uName>S19</uName>
		<yName>S1</yName>
		<fitness>0.907030806534507</fitness>
		<significance>253.17247475083957</significance>
	</Invariant>
	<Invariant>
		<uName>S73</uName>
		<yName>S19</yName>
		<fitness>0.7157313470211856</fitness>
		<significance>7.452316574737558</significance>
	</Invariant>
	<Invariant>
		<uName>S20</uName>
		<yName>S16</yName>
		<fitness>0.9601800375206989</fitness>
		<significance>90.89022209443169</significance>
	</Invariant>
	<Invariant>
		<uName>S22</uName>
		<yName>S17</yName>
		<fitness>0.8557540543311833</fitness>
		<significance>23.41827021829372</significance>
	</Invariant>
	<Invariant>
		<uName>S5</uName>
		<yName>S19</yName>
		<fitness>0.8561556613003554</fitness>
		<significance>16.786399705715507</significance>
	</Invariant>
	<Invariant>
		<uName>S6</uName>
		<yName>S19</yName>
		<fitness>0.8791365994964506</fitness>
		<significance>171.91541240984273</significance>
	</Invariant>
	<Invariant>
		<uName>S7</uName>
		<yName>S19</yName>
		<fitness>0.8817118631915817</fitness>
		<significance>21.20988017189412</significance>
	</Invariant>
	<Invariant>
		<uName>S25</uName>
		<yName>S17</yName>
		<fitness>0.8470972451283577</fitness>
		<significance>16.11800642154236</significance>
	</Invariant>
	<Invariant>
		<uName>S8</uName>
		<yName>S19</yName>
		<fitness>0.8814854275137729</fitness>
		<significance>180.44902274031554</significance>
	</Invariant>
	<Invariant>
		<uName>S16</uName>
		<yName>S2</yName>
		<fitness>0.9736936525500758</fitness>
		<significance>7.343020687494423</significance>
	</Invariant>
	<Invariant>
		<uName>S53</uName>
		<yName>S17</yName>
		<fitness>0.7705026811589032</fitness>
		<significance>9.365170762540227</significance>
	</Invariant>
	<Invariant>
		<uName>S9</uName>
		<yName>S19</yName>
		<fitness>0.8625430537744692</fitness>
		<significance>16.947725639155514</significance>
	</Invariant>
	<Invariant>
		<uName>S52</uName>
		<yName>S17</yName>
		<fitness>0.7277005482614802</fitness>
		<significance>7.58141337925843</significance>
	</Invariant>
	<Invariant>
		<uName>S23</uName>
		<yName>S17</yName>
		<fitness>0.7565757648780981</fitness>
		<significance>12.048629547899942</significance>
	</Invariant>
	<Invariant>
		<uName>S20</uName>
		<yName>S17</yName>
		<fitness>0.9610232139128879</fitness>
		<significance>210.0331556263985</significance>
	</Invariant>
	<Invariant>
		<uName>S40</uName>
		<yName>S17</yName>
		<fitness>0.8141647453283575</fitness>
		<significance>14.838947143153165</significance>
	</Invariant>
	<Invariant>
		<uName>S17</uName>
		<yName>S2</yName>
		<fitness>0.9704167817348359</fitness>
		<significance>727.5414946689855</significance>
	</Invariant>
	<Invariant>
		<uName>S1</uName>
		<yName>S17</yName>
		<fitness>0.9032344248441575</fitness>
		<significance>39.82798600783</significance>
	</Invariant>
	<Invariant>
		<uName>S73</uName>
		<yName>S17</yName>
		<fitness>0.7304095102668409</fitness>
		<significance>7.953159600017047</significance>
	</Invariant>
	<Invariant>
		<uName>S47</uName>
		<yName>S17</yName>
		<fitness>0.7113129552339668</fitness>
		<significance>7.652456021451835</significance>
	</Invariant>
	<Invariant>
		<uName>S45</uName>
		<yName>S17</yName>
		<fitness>0.7161124023813494</fitness>
		<significance>9.134738381572078</significance>
	</Invariant>
	<Invariant>
		<uName>S44</uName>
		<yName>S17</yName>
		<fitness>0.7247095233701291</fitness>
		<significance>8.315776978365202</significance>
	</Invariant>
	<Invariant>
		<uName>S5</uName>
		<yName>S17</yName>
		<fitness>0.8499947632522549</fitness>
		<significance>14.869895625457318</significance>
	</Invariant>
	<Invariant>
		<uName>S6</uName>
		<yName>S17</yName>
		<fitness>0.8772802542318232</fitness>
		<significance>22.913011912454962</significance>
	</Invariant>
	<Invariant>
		<uName>S7</uName>
		<yName>S17</yName>
		<fitness>0.8772714056418778</fitness>
		<significance>22.647377885013675</significance>
	</Invariant>
	<Invariant>
		<uName>S8</uName>
		<yName>S17</yName>
		<fitness>0.8782470073366311</fitness>
		<significance>23.363914738492387</significance>
	</Invariant>
	<Invariant>
		<uName>S9</uName>
		<yName>S17</yName>
		<fitness>0.8649234975931844</fitness>
		<significance>18.191045585361984</significance>
	</Invariant>
	<Invariant>
		<uName>S32</uName>
		<yName>S33</yName>
		<fitness>0.9052008175289185</fitness>
		<significance>1.2361202015924453</significance>
	</Invariant>
	<Invariant>
		<uName>S31</uName>
		<yName>S33</yName>
		<fitness>0.9052008175289185</fitness>
		<significance>1.2361202015924453</significance>
	</Invariant>
	<Invariant>
		<uName>S53</uName>
		<yName>S20</yName>
		<fitness>0.7451967953923042</fitness>
		<significance>423.6071167382327</significance>
	</Invariant>
	<Invariant>
		<uName>S23</uName>
		<yName>S20</yName>
		<fitness>0.7425440615908427</fitness>
		<significance>425.6793098051284</significance>
	</Invariant>
	<Invariant>
		<uName>S22</uName>
		<yName>S20</yName>
		<fitness>0.8456149899356282</fitness>
		<significance>425.4359575561482</significance>
	</Invariant>
	<Invariant>
		<uName>S25</uName>
		<yName>S20</yName>
		<fitness>0.8306754265072788</fitness>
		<significance>442.4520105639939</significance>
	</Invariant>
	<Invariant>
		<uName>S40</uName>
		<yName>S20</yName>
		<fitness>0.7971573811251101</fitness>
		<significance>451.40325594578525</significance>
	</Invariant>
	<Invariant>
		<uName>S20</uName>
		<yName>S2</yName>
		<fitness>0.9783519307435989</fitness>
		<significance>201.16342762001355</significance>
	</Invariant>
	<Invariant>
		<uName>S73</uName>
		<yName>S20</yName>
		<fitness>0.7180666728549874</fitness>
		<significance>430.1426953197981</significance>
	</Invariant>
	<Invariant>
		<uName>S20</uName>
		<yName>S1</yName>
		<fitness>0.9068404914246815</fitness>
		<significance>120.12564165193918</significance>
	</Invariant>
	<Invariant>
		<uName>S41</uName>
		<yName>S20</yName>
		<fitness>0.7512572598475915</fitness>
		<significance>386.7644249709906</significance>
	</Invariant>
	<Invariant>
		<uName>S5</uName>
		<yName>S20</yName>
		<fitness>0.8558361916805374</fitness>
		<significance>420.02716720231683</significance>
	</Invariant>
	<Invariant>
		<uName>S6</uName>
		<yName>S20</yName>
		<fitness>0.8806085710055095</fitness>
		<significance>456.1097229952525</significance>
	</Invariant>
	<Invariant>
		<uName>S7</uName>
		<yName>S20</yName>
		<fitness>0.8815632675472422</fitness>
		<significance>472.7656223073648</significance>
	</Invariant>
	<Invariant>
		<uName>S8</uName>
		<yName>S20</yName>
		<fitness>0.8835679253057547</fitness>
		<significance>483.1527439845928</significance>
	</Invariant>
	<Invariant>
		<uName>S9</uName>
		<yName>S20</yName>
		<fitness>0.8635106065503071</fitness>
		<significance>427.2408851446616</significance>
	</Invariant>
	<Invariant>
		<uName>S44</uName>
		<yName>S20</yName>
		<fitness>0.7032904309626804</fitness>
		<significance>430.9721766208121</significance>
	</Invariant>
	<Invariant>
		<uName>S40</uName>
		<yName>S1</yName>
		<fitness>0.741179053375927</fitness>
		<significance>2.9104556403528465</significance>
	</Invariant>
	<Invariant>
		<uName>S22</uName>
		<yName>S10</yName>
		<fitness>0.8597316830211318</fitness>
		<significance>0.4969283356546435</significance>
	</Invariant>
	<Invariant>
		<uName>S50</uName>
		<yName>S10</yName>
		<fitness>0.7091988567398078</fitness>
		<significance>0.5056448002907957</significance>
	</Invariant>
	<Invariant>
		<uName>S23</uName>
		<yName>S10</yName>
		<fitness>0.7598204963213443</fitness>
		<significance>0.623451087942983</significance>
	</Invariant>
	<Invariant>
		<uName>S25</uName>
		<yName>S10</yName>
		<fitness>0.8566503246667445</fitness>
		<significance>0.48727692446827725</significance>
	</Invariant>
	<Invariant>
		<uName>S51</uName>
		<yName>S10</yName>
		<fitness>0.7081277382468296</fitness>
		<significance>0.503446915704613</significance>
	</Invariant>
	<Invariant>
		<uName>S53</uName>
		<yName>S10</yName>
		<fitness>0.7647286739914847</fitness>
		<significance>0.4851470194321003</significance>
	</Invariant>
	<Invariant>
		<uName>S40</uName>
		<yName>S10</yName>
		<fitness>0.8210080515830833</fitness>
		<significance>0.033457242274530785</significance>
	</Invariant>
	<Invariant>
		<uName>S52</uName>
		<yName>S10</yName>
		<fitness>0.7268380208962588</fitness>
		<significance>0.4495974865770153</significance>
	</Invariant>
	<Invariant>
		<uName>S41</uName>
		<yName>S10</yName>
		<fitness>0.7662851236314241</fitness>
		<significance>0.5162800515498391</significance>
	</Invariant>
	<Invariant>
		<uName>S15</uName>
		<yName>S10</yName>
		<fitness>0.7590104341791093</fitness>
		<significance>0.6079129699297193</significance>
	</Invariant>
	<Invariant>
		<uName>S2</uName>
		<yName>S10</yName>
		<fitness>0.9638156923021278</fitness>
		<significance>0.4674556694207482</significance>
	</Invariant>
	<Invariant>
		<uName>S47</uName>
		<yName>S10</yName>
		<fitness>0.7298149998493085</fitness>
		<significance>0.4549629828860018</significance>
	</Invariant>
	<Invariant>
		<uName>S13</uName>
		<yName>S10</yName>
		<fitness>0.7719865126523942</fitness>
		<significance>0.6479009361690798</significance>
	</Invariant>
	<Invariant>
		<uName>S1</uName>
		<yName>S10</yName>
		<fitness>0.907060692395782</fitness>
		<significance>0.623135727714</significance>
	</Invariant>
	<Invariant>
		<uName>S45</uName>
		<yName>S10</yName>
		<fitness>0.7217811593153494</fitness>
		<significance>0.4514070203789876</significance>
	</Invariant>
	<Invariant>
		<uName>S44</uName>
		<yName>S10</yName>
		<fitness>0.7274180997298154</fitness>
		<significance>0.4994598295432665</significance>
	</Invariant>
	<Invariant>
		<uName>S5</uName>
		<yName>S10</yName>
		<fitness>0.8509905572668299</fitness>
		<significance>0.4792037658573499</significance>
	</Invariant>
	<Invariant>
		<uName>S6</uName>
		<yName>S10</yName>
		<fitness>0.8769305419715611</fitness>
		<significance>0.5153635831812372</significance>
	</Invariant>
	<Invariant>
		<uName>S7</uName>
		<yName>S10</yName>
		<fitness>0.8791958974313107</fitness>
		<significance>0.4913732377691569</significance>
	</Invariant>
	<Invariant>
		<uName>S8</uName>
		<yName>S10</yName>
		<fitness>0.8794127101273529</fitness>
		<significance>0.5034112131701451</significance>
	</Invariant>
	<Invariant>
		<uName>S9</uName>
		<yName>S10</yName>
		<fitness>0.8701454863234022</fitness>
		<significance>0.5181583493546988</significance>
	</Invariant>
	<Invariant>
		<uName>S137</uName>
		<yName>S36</yName>
		<fitness>0.7230544345271719</fitness>
		<significance>0.45360654438123965</significance>
	</Invariant>
	<Invariant>
		<uName>S14</uName>
		<yName>S16</yName>
		<fitness>0.7682574909871951</fitness>
		<significance>0.175573037016737</significance>
	</Invariant>
	<Invariant>
		<uName>S137</uName>
		<yName>S58</yName>
		<fitness>0.7690860380106093</fitness>
		<significance>0.032357105301218825</significance>
	</Invariant>
	<Invariant>
		<uName>S14</uName>
		<yName>S1</yName>
		<fitness>0.7527281937325752</fitness>
		<significance>1.0615834856358035</significance>
	</Invariant>
	<Invariant>
		<uName>S14</uName>
		<yName>S18</yName>
		<fitness>0.7705841508174273</fitness>
		<significance>0.1961706807333571</significance>
	</Invariant>
	<Invariant>
		<uName>S22</uName>
		<yName>S15</yName>
		<fitness>0.8624997778211312</fitness>
		<significance>0.7518659438071712</significance>
	</Invariant>
	<Invariant>
		<uName>S15</uName>
		<yName>S16</yName>
		<fitness>0.7493031079938913</fitness>
		<significance>0.20008606268179102</significance>
	</Invariant>
	<Invariant>
		<uName>S15</uName>
		<yName>S21</yName>
		<fitness>0.8036717960082963</fitness>
		<significance>0.32987831222710967</significance>
	</Invariant>
	<Invariant>
		<uName>S15</uName>
		<yName>S13</yName>
		<fitness>0.9320971936226574</fitness>
		<significance>0.24484508697824608</significance>
	</Invariant>
	<Invariant>
		<uName>S15</uName>
		<yName>S1</yName>
		<fitness>0.751506062837181</fitness>
		<significance>1.0785160628577353</significance>
	</Invariant>
	<Invariant>
		<uName>S15</uName>
		<yName>S18</yName>
		<fitness>0.7531810331659635</fitness>
		<significance>0.19960271561739643</significance>
	</Invariant>
	<Invariant>
		<uName>S5</uName>
		<yName>S15</yName>
		<fitness>0.7979015367991256</fitness>
		<significance>0.3702141819607824</significance>
	</Invariant>
	<Invariant>
		<uName>S6</uName>
		<yName>S15</yName>
		<fitness>0.793072759376995</fitness>
		<significance>0.5417046263591285</significance>
	</Invariant>
	<Invariant>
		<uName>S7</uName>
		<yName>S15</yName>
		<fitness>0.7911963173902999</fitness>
		<significance>0.5312092203954516</significance>
	</Invariant>
	<Invariant>
		<uName>S8</uName>
		<yName>S15</yName>
		<fitness>0.7899388105886102</fitness>
		<significance>0.525970162138062</significance>
	</Invariant>
	<Invariant>
		<uName>S9</uName>
		<yName>S15</yName>
		<fitness>0.7657827157759463</fitness>
		<significance>0.5175867200763373</significance>
	</Invariant>
	<Invariant>
		<uName>S22</uName>
		<yName>S13</yName>
		<fitness>0.8818732070792442</fitness>
		<significance>0.6139923892236883</significance>
	</Invariant>
	<Invariant>
		<uName>S13</uName>
		<yName>S18</yName>
		<fitness>0.7705841508174273</fitness>
		<significance>0.1961706807333571</significance>
	</Invariant>
	<Invariant>
		<uName>S25</uName>
		<yName>S13</yName>
		<fitness>0.7014760731158001</fitness>
		<significance>0.537722267871137</significance>
	</Invariant>
	<Invariant>
		<uName>S13</uName>
		<yName>S16</yName>
		<fitness>0.7682574909871951</fitness>
		<significance>0.175573037016737</significance>
	</Invariant>
	<Invariant>
		<uName>S22</uName>
		<yName>S18</yName>
		<fitness>0.8583843950296439</fitness>
		<significance>0.17508751772624095</significance>
	</Invariant>
	<Invariant>
		<uName>S13</uName>
		<yName>S21</yName>
		<fitness>0.8295067097937754</fitness>
		<significance>0.545505306613883</significance>
	</Invariant>
	<Invariant>
		<uName>S41</uName>
		<yName>S18</yName>
		<fitness>0.7717136119433432</fitness>
		<significance>0.023645015130502225</significance>
	</Invariant>
	<Invariant>
		<uName>S25</uName>
		<yName>S18</yName>
		<fitness>0.8486408781177476</fitness>
		<significance>0.14338415044596214</significance>
	</Invariant>
	<Invariant>
		<uName>S53</uName>
		<yName>S18</yName>
		<fitness>0.759126973116825</fitness>
		<significance>0.05692766348090001</significance>
	</Invariant>
	<Invariant>
		<uName>S18</uName>
		<yName>S16</yName>
		<fitness>0.9616536153387948</fitness>
		<significance>0.027107534049259058</significance>
	</Invariant>
	<Invariant>
		<uName>S52</uName>
		<yName>S18</yName>
		<fitness>0.7195146998524822</fitness>
		<significance>0.10706740652676598</significance>
	</Invariant>
	<Invariant>
		<uName>S23</uName>
		<yName>S18</yName>
		<fitness>0.762975941919797</fitness>
		<significance>0.06860546804070536</significance>
	</Invariant>
	<Invariant>
		<uName>S13</uName>
		<yName>S1</yName>
		<fitness>0.7527281937325752</fitness>
		<significance>1.0615834856358035</significance>
	</Invariant>
	<Invariant>
		<uName>S40</uName>
		<yName>S18</yName>
		<fitness>0.8152811952305898</fitness>
		<significance>0.5420102866561347</significance>
	</Invariant>
	<Invariant>
		<uName>S1</uName>
		<yName>S18</yName>
		<fitness>0.9114049700637099</fitness>
		<significance>0.38144027982755757</significance>
	</Invariant>
	<Invariant>
		<uName>S5</uName>
		<yName>S13</yName>
		<fitness>0.7938584100871467</fitness>
		<significance>0.5091161249913799</significance>
	</Invariant>
	<Invariant>
		<uName>S41</uName>
		<yName>S16</yName>
		<fitness>0.7729411903075182</fitness>
		<significance>0.02664886639245398</significance>
	</Invariant>
	<Invariant>
		<uName>S6</uName>
		<yName>S13</yName>
		<fitness>0.7984178872394361</fitness>
		<significance>0.5406885769222007</significance>
	</Invariant>
	<Invariant>
		<uName>S20</uName>
		<yName>S19</yName>
		<fitness>0.9533997210381293</fitness>
		<significance>0.2092173310140331</significance>
	</Invariant>
	<Invariant>
		<uName>S47</uName>
		<yName>S18</yName>
		<fitness>0.7060722309790891</fitness>
		<significance>0.09526907347583694</significance>
	</Invariant>
	<Invariant>
		<uName>S7</uName>
		<yName>S13</yName>
		<fitness>0.7934883253093791</fitness>
		<significance>0.5156421847132115</significance>
	</Invariant>
	<Invariant>
		<uName>S73</uName>
		<yName>S18</yName>
		<fitness>0.7252095907913418</fitness>
		<significance>0.035506720542816256</significance>
	</Invariant>
	<Invariant>
		<uName>S8</uName>
		<yName>S13</yName>
		<fitness>0.7921667725870606</fitness>
		<significance>0.5442163205435444</significance>
	</Invariant>
	<Invariant>
		<uName>S45</uName>
		<yName>S18</yName>
		<fitness>0.7098124545154967</fitness>
		<significance>0.08953170460803178</significance>
	</Invariant>
	<Invariant>
		<uName>S9</uName>
		<yName>S13</yName>
		<fitness>0.7746424756982728</fitness>
		<significance>0.5450137186347914</significance>
	</Invariant>
	<Invariant>
		<uName>S44</uName>
		<yName>S18</yName>
		<fitness>0.7325931234851637</fitness>
		<significance>0.03911502022065063</significance>
	</Invariant>
	<Invariant>
		<uName>S5</uName>
		<yName>S18</yName>
		<fitness>0.8595273240471498</fitness>
		<significance>0.1298126532016547</significance>
	</Invariant>
	<Invariant>
		<uName>S22</uName>
		<yName>S16</yName>
		<fitness>0.8578746561713215</fitness>
		<significance>0.17240730171221202</significance>
	</Invariant>
	<Invariant>
		<uName>S6</uName>
		<yName>S18</yName>
		<fitness>0.8852690070864626</fitness>
		<significance>0.18040984068259697</significance>
	</Invariant>
	<Invariant>
		<uName>S7</uName>
		<yName>S18</yName>
		<fitness>0.8880406785156671</fitness>
		<significance>0.1955153212639842</significance>
	</Invariant>
	<Invariant>
		<uName>S8</uName>
		<yName>S18</yName>
		<fitness>0.8894985089595647</fitness>
		<significance>0.20213822804668152</significance>
	</Invariant>
	<Invariant>
		<uName>S25</uName>
		<yName>S16</yName>
		<fitness>0.8500639675937043</fitness>
		<significance>0.15170865328074132</significance>
	</Invariant>
	<Invariant>
		<uName>S9</uName>
		<yName>S18</yName>
		<fitness>0.8696697910198194</fitness>
		<significance>0.1589684034952197</significance>
	</Invariant>
	<Invariant>
		<uName>S53</uName>
		<yName>S16</yName>
		<fitness>0.7589929189793998</fitness>
		<significance>0.0353280429820145</significance>
	</Invariant>
	<Invariant>
		<uName>S52</uName>
		<yName>S16</yName>
		<fitness>0.7141965334182008</fitness>
		<significance>0.09262027669427221</significance>
	</Invariant>
	<Invariant>
		<uName>S23</uName>
		<yName>S16</yName>
		<fitness>0.760455586204948</fitness>
		<significance>0.06031137796648709</significance>
	</Invariant>
	<Invariant>
		<uName>S40</uName>
		<yName>S16</yName>
		<fitness>0.8134848109608765</fitness>
		<significance>0.5604435460168842</significance>
	</Invariant>
	<Invariant>
		<uName>S1</uName>
		<yName>S16</yName>
		<fitness>0.9096584025833503</fitness>
		<significance>0.2790034053087</significance>
	</Invariant>
	<Invariant>
		<uName>S73</uName>
		<yName>S16</yName>
		<fitness>0.7230889316899898</fitness>
		<significance>0.03304653545853878</significance>
	</Invariant>
	<Invariant>
		<uName>S47</uName>
		<yName>S16</yName>
		<fitness>0.714376296525578</fitness>
		<significance>0.0785440429105912</significance>
	</Invariant>
	<Invariant>
		<uName>S45</uName>
		<yName>S16</yName>
		<fitness>0.7200434258546853</fitness>
		<significance>0.10687652834280954</significance>
	</Invariant>
	<Invariant>
		<uName>S44</uName>
		<yName>S16</yName>
		<fitness>0.7206527504201677</fitness>
		<significance>0.023777939772235655</significance>
	</Invariant>
	<Invariant>
		<uName>S5</uName>
		<yName>S16</yName>
		<fitness>0.8564599251251269</fitness>
		<significance>0.12439011657491011</significance>
	</Invariant>
	<Invariant>
		<uName>S6</uName>
		<yName>S16</yName>
		<fitness>0.8829098942198371</fitness>
		<significance>0.17704027570453737</significance>
	</Invariant>
	<Invariant>
		<uName>S7</uName>
		<yName>S16</yName>
		<fitness>0.8825054784882482</fitness>
		<significance>0.16245679172937444</significance>
	</Invariant>
	<Invariant>
		<uName>S80</uName>
		<yName>S81</yName>
		<fitness>0.7343262529970366</fitness>
		<significance>0.19905719445887582</significance>
	</Invariant>
	<Invariant>
		<uName>S8</uName>
		<yName>S16</yName>
		<fitness>0.884531035002273</fitness>
		<significance>0.16691136777435497</significance>
	</Invariant>
	<Invariant>
		<uName>S9</uName>
		<yName>S16</yName>
		<fitness>0.8684562847541505</fitness>
		<significance>0.14716584253203882</significance>
	</Invariant>
	<Invariant>
		<uName>S96</uName>
		<yName>S81</yName>
		<fitness>0.816555347227268</fitness>
		<significance>0.27163881947880275</significance>
	</Invariant>
	<Invariant>
		<uName>S86</uName>
		<yName>S126</yName>
		<fitness>0.7609699899090667</fitness>
		<significance>0.19614378808976296</significance>
	</Invariant>
	<Invariant>
		<uName>S99</uName>
		<yName>S22</yName>
		<fitness>0.7739893962393265</fitness>
		<significance>0.19518242832251825</significance>
	</Invariant>
	<Invariant>
		<uName>S99</uName>
		<yName>S23</yName>
		<fitness>0.7605572573372308</fitness>
		<significance>0.010586361751102719</significance>
	</Invariant>
	<Invariant>
		<uName>S63</uName>
		<yName>S36</yName>
		<fitness>0.7099067979822611</fitness>
		<significance>0.42469764304356494</significance>
	</Invariant>
	<Invariant>
		<uName>S69</uName>
		<yName>S36</yName>
		<fitness>0.7735840176690245</fitness>
		<significance>0.2366194095411905</significance>
	</Invariant>
	<Invariant>
		<uName>S99</uName>
		<yName>S73</yName>
		<fitness>0.7522422813041721</fitness>
		<significance>0.08534891384666086</significance>
	</Invariant>
	<Invariant>
		<uName>S65</uName>
		<yName>S36</yName>
		<fitness>0.703640756959109</fitness>
		<significance>0.42915835430799604</significance>
	</Invariant>
	<Invariant>
		<uName>S22</uName>
		<yName>S36</yName>
		<fitness>0.790711847740287</fitness>
		<significance>0.4910973494798471</significance>
	</Invariant>
	<Invariant>
		<uName>S68</uName>
		<yName>S36</yName>
		<fitness>0.7549501764376887</fitness>
		<significance>0.40587705625246745</significance>
	</Invariant>
	<Invariant>
		<uName>S28</uName>
		<yName>S36</yName>
		<fitness>0.7379555799894614</fitness>
		<significance>0.4219783047085898</significance>
	</Invariant>
	<Invariant>
		<uName>S32</uName>
		<yName>S63</yName>
		<fitness>0.7828218726926229</fitness>
		<significance>0.2223633949830095</significance>
	</Invariant>
	<Invariant>
		<uName>S27</uName>
		<yName>S37</yName>
		<fitness>0.895753898073268</fitness>
		<significance>0.6357476992515357</significance>
	</Invariant>
	<Invariant>
		<uName>S33</uName>
		<yName>S63</yName>
		<fitness>0.7824622251811927</fitness>
		<significance>0.2541421417487415</significance>
	</Invariant>
	<Invariant>
		<uName>S32</uName>
		<yName>S65</yName>
		<fitness>0.7830482455551264</fitness>
		<significance>0.23053347474071684</significance>
	</Invariant>
	<Invariant>
		<uName>S57</uName>
		<yName>S37</yName>
		<fitness>0.8326553847769849</fitness>
		<significance>0.4466145383832831</significance>
	</Invariant>
	<Invariant>
		<uName>S63</uName>
		<yName>S30</yName>
		<fitness>0.8436314871518192</fitness>
		<significance>0.05635145292439859</significance>
	</Invariant>
	<Invariant>
		<uName>S42</uName>
		<yName>S37</yName>
		<fitness>0.9223639044404564</fitness>
		<significance>0.4618782486933693</significance>
	</Invariant>
	<Invariant>
		<uName>S34</uName>
		<yName>S29</yName>
		<fitness>0.8343099368990097</fitness>
		<significance>0.06387360586399303</significance>
	</Invariant>
	<Invariant>
		<uName>S33</uName>
		<yName>S65</yName>
		<fitness>0.7829265999424131</fitness>
		<significance>0.26425568838997066</significance>
	</Invariant>
	<Invariant>
		<uName>S31</uName>
		<yName>S63</yName>
		<fitness>0.7828218726926229</fitness>
		<significance>0.2223633949830095</significance>
	</Invariant>
	<Invariant>
		<uName>S25</uName>
		<yName>S36</yName>
		<fitness>0.807762060853779</fitness>
		<significance>0.5174869736563918</significance>
	</Invariant>
	<Invariant>
		<uName>S65</uName>
		<yName>S30</yName>
		<fitness>0.8620197686130137</fitness>
		<significance>0.025437873568408927</significance>
	</Invariant>
	<Invariant>
		<uName>S23</uName>
		<yName>S36</yName>
		<fitness>0.8123719982983588</fitness>
		<significance>0.30470436983050253</significance>
	</Invariant>
	<Invariant>
		<uName>S56</uName>
		<yName>S36</yName>
		<fitness>0.7061505645516498</fitness>
		<significance>0.4232851992640961</significance>
	</Invariant>
	<Invariant>
		<uName>S35</uName>
		<yName>S29</yName>
		<fitness>0.8343099368990097</fitness>
		<significance>0.06387360586399303</significance>
	</Invariant>
	<Invariant>
		<uName>S31</uName>
		<yName>S65</yName>
		<fitness>0.7830482455551264</fitness>
		<significance>0.23053347474071684</significance>
	</Invariant>
	<Invariant>
		<uName>S58</uName>
		<yName>S36</yName>
		<fitness>0.9217027354920447</fitness>
		<significance>0.31119127442143707</significance>
	</Invariant>
	<Invariant>
		<uName>S28</uName>
		<yName>S32</yName>
		<fitness>0.8652114730955831</fitness>
		<significance>0.9026278714049023</significance>
	</Invariant>
	<Invariant>
		<uName>S26</uName>
		<yName>S37</yName>
		<fitness>0.7572076238950352</fitness>
		<significance>0.4855452692983152</significance>
	</Invariant>
	<Invariant>
		<uName>S38</uName>
		<yName>S37</yName>
		<fitness>0.810889838267738</fitness>
		<significance>0.45806474339923875</significance>
	</Invariant>
	<Invariant>
		<uName>S28</uName>
		<yName>S33</yName>
		<fitness>0.8888685977907678</fitness>
		<significance>0.05162637200229428</significance>
	</Invariant>
	<Invariant>
		<uName>S32</uName>
		<yName>S36</yName>
		<fitness>0.7356573366359334</fitness>
		<significance>0.4335619413945561</significance>
	</Invariant>
	<Invariant>
		<uName>S33</uName>
		<yName>S36</yName>
		<fitness>0.7374405335439916</fitness>
		<significance>0.42799329510423195</significance>
	</Invariant>
	<Invariant>
		<uName>S30</uName>
		<yName>S36</yName>
		<fitness>0.7069358553226464</fitness>
		<significance>0.4244449336759678</significance>
	</Invariant>
	<Invariant>
		<uName>S31</uName>
		<yName>S36</yName>
		<fitness>0.7356573366359334</fitness>
		<significance>0.4335619413945561</significance>
	</Invariant>
	<Invariant>
		<uName>S35</uName>
		<yName>S34</yName>
		<fitness>1.0</fitness>
		<significance>4.9E-324</significance>
	</Invariant>
	<Invariant>
		<uName>S28</uName>
		<yName>S30</yName>
		<fitness>0.7880168060448473</fitness>
		<significance>0.2339421605783107</significance>
	</Invariant>
	<Invariant>
		<uName>S32</uName>
		<yName>S56</yName>
		<fitness>0.7870086600118646</fitness>
		<significance>0.21137881550857118</significance>
	</Invariant>
	<Invariant>
		<uName>S32</uName>
		<yName>S58</yName>
		<fitness>0.7145293949775993</fitness>
		<significance>0.024291878456599844</significance>
	</Invariant>
	<Invariant>
		<uName>S33</uName>
		<yName>S56</yName>
		<fitness>0.7869148022376734</fitness>
		<significance>0.24504763588353762</significance>
	</Invariant>
	<Invariant>
		<uName>S32</uName>
		<yName>S30</yName>
		<fitness>0.7889139205250002</fitness>
		<significance>0.21044130305622602</significance>
	</Invariant>
	<Invariant>
		<uName>S33</uName>
		<yName>S58</yName>
		<fitness>0.719995930204768</fitness>
		<significance>0.0629966865374386</significance>
	</Invariant>
	<Invariant>
		<uName>S31</uName>
		<yName>S32</yName>
		<fitness>1.0</fitness>
		<significance>4.9E-324</significance>
	</Invariant>
	<Invariant>
		<uName>S28</uName>
		<yName>S31</yName>
		<fitness>0.8652114730955831</fitness>
		<significance>0.9026278714049023</significance>
	</Invariant>
	<Invariant>
		<uName>S33</uName>
		<yName>S30</yName>
		<fitness>0.7887865760027428</fitness>
		<significance>0.24465730396743368</significance>
	</Invariant>
	<Invariant>
		<uName>S31</uName>
		<yName>S30</yName>
		<fitness>0.7889139205250002</fitness>
		<significance>0.21044130305622602</significance>
	</Invariant>
	<Invariant>
		<uName>S56</uName>
		<yName>S30</yName>
		<fitness>0.8884037029070864</fitness>
		<significance>0.02464039696055607</significance>
	</Invariant>
	<Invariant>
		<uName>S32</uName>
		<yName>S21</yName>
		<fitness>0.7044448192310256</fitness>
		<significance>0.2877044475630766</significance>
	</Invariant>
	<Invariant>
		<uName>S31</uName>
		<yName>S56</yName>
		<fitness>0.7870086600118646</fitness>
		<significance>0.21137881550857118</significance>
	</Invariant>
	<Invariant>
		<uName>S38</uName>
		<yName>S27</yName>
		<fitness>0.8863487543410906</fitness>
		<significance>0.35967716999219196</significance>
	</Invariant>
	<Invariant>
		<uName>S31</uName>
		<yName>S58</yName>
		<fitness>0.7145293949775993</fitness>
		<significance>0.024291878456599844</significance>
	</Invariant>
	<Invariant>
		<uName>S33</uName>
		<yName>S21</yName>
		<fitness>0.7119238211714144</fitness>
		<significance>0.3211337291712981</significance>
	</Invariant>
	<Invariant>
		<uName>S57</uName>
		<yName>S38</yName>
		<fitness>0.9013786508490287</fitness>
		<significance>0.06878904614725082</significance>
	</Invariant>
	<Invariant>
		<uName>S38</uName>
		<yName>S42</yName>
		<fitness>0.7861873831365269</fitness>
		<significance>0.04756033129757059</significance>
	</Invariant>
	<Invariant>
		<uName>S23</uName>
		<yName>S58</yName>
		<fitness>0.7858493911536222</fitness>
		<significance>0.0026622916867181435</significance>
	</Invariant>
	<Invariant>
		<uName>S23</uName>
		<yName>S22</yName>
		<fitness>0.7436074261166852</fitness>
		<significance>0.15709585202887183</significance>
	</Invariant>
	<Invariant>
		<uName>S31</uName>
		<yName>S21</yName>
		<fitness>0.7044448192310256</fitness>
		<significance>0.2877044475630766</significance>
	</Invariant>
	<Invariant>
		<uName>S28</uName>
		<yName>S63</yName>
		<fitness>0.7815652965993662</fitness>
		<significance>0.24468927230076531</significance>
	</Invariant>
	<Invariant>
		<uName>S23</uName>
		<yName>S2</yName>
		<fitness>0.7308328984484688</fitness>
		<significance>0.6361572129127564</significance>
	</Invariant>
	<Invariant>
		<uName>S23</uName>
		<yName>S1</yName>
		<fitness>0.7687300821723233</fitness>
		<significance>0.028083437387312636</significance>
	</Invariant>
	<Invariant>
		<uName>S53</uName>
		<yName>S25</yName>
		<fitness>0.7131350982855944</fitness>
		<significance>0.03195331276772382</significance>
	</Invariant>
	<Invariant>
		<uName>S73</uName>
		<yName>S23</yName>
		<fitness>0.8493259566320667</fitness>
		<significance>4.4143413052044253E-4</significance>
	</Invariant>
	<Invariant>
		<uName>S25</uName>
		<yName>S22</yName>
		<fitness>0.7768147669286788</fitness>
		<significance>0.33529846473260366</significance>
	</Invariant>
	<Invariant>
		<uName>S25</uName>
		<yName>S40</yName>
		<fitness>0.7370311252015789</fitness>
		<significance>0.39288784570371704</significance>
	</Invariant>
	<Invariant>
		<uName>S53</uName>
		<yName>S22</yName>
		<fitness>0.7142682317700086</fitness>
		<significance>0.2715027799134619</significance>
	</Invariant>
	<Invariant>
		<uName>S52</uName>
		<yName>S22</yName>
		<fitness>0.7055658827391211</fitness>
		<significance>0.30793061573492353</significance>
	</Invariant>
	<Invariant>
		<uName>S5</uName>
		<yName>S23</yName>
		<fitness>0.7557361321333201</fitness>
		<significance>0.038195139613936696</significance>
	</Invariant>
	<Invariant>
		<uName>S6</uName>
		<yName>S23</yName>
		<fitness>0.763773108541042</fitness>
		<significance>0.04339504467541832</significance>
	</Invariant>
	<Invariant>
		<uName>S25</uName>
		<yName>S2</yName>
		<fitness>0.8134008303142857</fitness>
		<significance>0.4659471391593173</significance>
	</Invariant>
	<Invariant>
		<uName>S7</uName>
		<yName>S23</yName>
		<fitness>0.7645749049427871</fitness>
		<significance>0.04204788162433231</significance>
	</Invariant>
	<Invariant>
		<uName>S25</uName>
		<yName>S1</yName>
		<fitness>0.7459770877643458</fitness>
		<significance>0.16268211578512354</significance>
	</Invariant>
	<Invariant>
		<uName>S8</uName>
		<yName>S23</yName>
		<fitness>0.7633911561530183</fitness>
		<significance>0.04534561971158222</significance>
	</Invariant>
	<Invariant>
		<uName>S28</uName>
		<yName>S56</yName>
		<fitness>0.7864339633873296</fitness>
		<significance>0.23541572003104738</significance>
	</Invariant>
	<Invariant>
		<uName>S9</uName>
		<yName>S23</yName>
		<fitness>0.7436711886019982</fitness>
		<significance>0.8829841387153056</significance>
	</Invariant>
	<Invariant>
		<uName>S28</uName>
		<yName>S58</yName>
		<fitness>0.713683859485748</fitness>
		<significance>0.04318808453337558</significance>
	</Invariant>
	<Invariant>
		<uName>S26</uName>
		<yName>S27</yName>
		<fitness>0.762822037566737</fitness>
		<significance>0.32316640551065745</significance>
	</Invariant>
	<Invariant>
		<uName>S28</uName>
		<yName>S65</yName>
		<fitness>0.7825598211727143</fitness>
		<significance>0.25781255812356113</significance>
	</Invariant>
	<Invariant>
		<uName>S26</uName>
		<yName>S42</yName>
		<fitness>0.7458446166702106</fitness>
		<significance>0.0019082793721398518</significance>
	</Invariant>
	<Invariant>
		<uName>S22</uName>
		<yName>S21</yName>
		<fitness>0.7412148263388139</fitness>
		<significance>0.17166036397551124</significance>
	</Invariant>
	<Invariant>
		<uName>S28</uName>
		<yName>S21</yName>
		<fitness>0.7123311795484666</fitness>
		<significance>0.31205426287794374</significance>
	</Invariant>
	<Invariant>
		<uName>S5</uName>
		<yName>S25</yName>
		<fitness>0.783340202653492</fitness>
		<significance>0.026841619339392775</significance>
	</Invariant>
	<Invariant>
		<uName>S6</uName>
		<yName>S25</yName>
		<fitness>0.7695401770013179</fitness>
		<significance>0.018818015618248266</significance>
	</Invariant>
	<Invariant>
		<uName>S7</uName>
		<yName>S25</yName>
		<fitness>0.77683981480444</fitness>
		<significance>0.009711116096052063</significance>
	</Invariant>
	<Invariant>
		<uName>S8</uName>
		<yName>S25</yName>
		<fitness>0.7767007666001725</fitness>
		<significance>0.01756406335622487</significance>
	</Invariant>
	<Invariant>
		<uName>S9</uName>
		<yName>S25</yName>
		<fitness>0.7341676648606874</fitness>
		<significance>0.03817577434651703</significance>
	</Invariant>
	<Invariant>
		<uName>S40</uName>
		<yName>S22</yName>
		<fitness>0.7344509988676209</fitness>
		<significance>0.5760690908608367</significance>
	</Invariant>
	<Invariant>
		<uName>S22</uName>
		<yName>S2</yName>
		<fitness>0.8382566601053563</fitness>
		<significance>0.4955224877765306</significance>
	</Invariant>
	<Invariant>
		<uName>S73</uName>
		<yName>S22</yName>
		<fitness>0.7531299572176525</fitness>
		<significance>0.19866892846854928</significance>
	</Invariant>
	<Invariant>
		<uName>S22</uName>
		<yName>S1</yName>
		<fitness>0.8124672056452795</fitness>
		<significance>0.04575520892910573</significance>
	</Invariant>
	<Invariant>
		<uName>S41</uName>
		<yName>S22</yName>
		<fitness>0.7406417526215238</fitness>
		<significance>0.2629434472689385</significance>
	</Invariant>
	<Invariant>
		<uName>S53</uName>
		<yName>S2</yName>
		<fitness>0.7031121593139634</fitness>
		<significance>0.42726305728190506</significance>
	</Invariant>
	<Invariant>
		<uName>S57</uName>
		<yName>S27</yName>
		<fitness>0.8857478943520251</fitness>
		<significance>0.3884759465824218</significance>
	</Invariant>
	<Invariant>
		<uName>S42</uName>
		<yName>S27</yName>
		<fitness>0.899080321378843</fitness>
		<significance>0.3710814874666291</significance>
	</Invariant>
	<Invariant>
		<uName>S5</uName>
		<yName>S22</yName>
		<fitness>0.8300934571835767</fitness>
		<significance>0.47701183192931657</significance>
	</Invariant>
	<Invariant>
		<uName>S6</uName>
		<yName>S22</yName>
		<fitness>0.8507910378229206</fitness>
		<significance>0.4657865346619394</significance>
	</Invariant>
	<Invariant>
		<uName>S47</uName>
		<yName>S52</yName>
		<fitness>0.7262163199195115</fitness>
		<significance>0.0428458290860702</significance>
	</Invariant>
	<Invariant>
		<uName>S7</uName>
		<yName>S22</yName>
		<fitness>0.8464519170161028</fitness>
		<significance>0.4488142837366032</significance>
	</Invariant>
	<Invariant>
		<uName>S8</uName>
		<yName>S22</yName>
		<fitness>0.8465063230363872</fitness>
		<significance>0.453949520319714</significance>
	</Invariant>
	<Invariant>
		<uName>S9</uName>
		<yName>S22</yName>
		<fitness>0.8439457369866966</fitness>
		<significance>0.41542887980849996</significance>
	</Invariant>
	<Invariant>
		<uName>S45</uName>
		<yName>S22</yName>
		<fitness>0.7204373887917495</fitness>
		<significance>0.32134943258766296</significance>
	</Invariant>
	<Invariant>
		<uName>S44</uName>
		<yName>S22</yName>
		<fitness>0.7273892397227892</fitness>
		<significance>0.27393556017666537</significance>
	</Invariant>
	<Invariant>
		<uName>S40</uName>
		<yName>S2</yName>
		<fitness>0.7768458039199246</fitness>
		<significance>0.19515303475430576</significance>
	</Invariant>
	<Invariant>
		<uName>S41</uName>
		<yName>S2</yName>
		<fitness>0.7165331762522129</fitness>
		<significance>0.4573537941693527</significance>
	</Invariant>
	<Invariant>
		<uName>S1</uName>
		<yName>S2</yName>
		<fitness>0.9031740934654683</fitness>
		<significance>0.6020734831583092</significance>
	</Invariant>
	<Invariant>
		<uName>S63</uName>
		<yName>S56</yName>
		<fitness>0.8640413824665566</fitness>
		<significance>0.042335840792736744</significance>
	</Invariant>
	<Invariant>
		<uName>S73</uName>
		<yName>S1</yName>
		<fitness>0.7308623362836596</fitness>
		<significance>0.044312955601265316</significance>
	</Invariant>
	<Invariant>
		<uName>S5</uName>
		<yName>S40</yName>
		<fitness>0.7503106775056385</fitness>
		<significance>0.6385359134696171</significance>
	</Invariant>
	<Invariant>
		<uName>S6</uName>
		<yName>S40</yName>
		<fitness>0.7437027475499127</fitness>
		<significance>0.6586722709086709</significance>
	</Invariant>
	<Invariant>
		<uName>S7</uName>
		<yName>S40</yName>
		<fitness>0.7510926198815617</fitness>
		<significance>0.7310189960628168</significance>
	</Invariant>
	<Invariant>
		<uName>S8</uName>
		<yName>S40</yName>
		<fitness>0.7515022281088903</fitness>
		<significance>0.7240112743072817</significance>
	</Invariant>
	<Invariant>
		<uName>S9</uName>
		<yName>S40</yName>
		<fitness>0.7181275952195691</fitness>
		<significance>0.4770011306547569</significance>
	</Invariant>
	<Invariant>
		<uName>S57</uName>
		<yName>S42</yName>
		<fitness>0.8172195408241729</fitness>
		<significance>0.06683038966016606</significance>
	</Invariant>
	<Invariant>
		<uName>S5</uName>
		<yName>S2</yName>
		<fitness>0.8553124467750772</fitness>
		<significance>0.48425466449322946</significance>
	</Invariant>
	<Invariant>
		<uName>S6</uName>
		<yName>S2</yName>
		<fitness>0.8881852762815748</fitness>
		<significance>0.47693011783351935</significance>
	</Invariant>
	<Invariant>
		<uName>S7</uName>
		<yName>S2</yName>
		<fitness>0.8877627524044976</fitness>
		<significance>0.5373065566251999</significance>
	</Invariant>
	<Invariant>
		<uName>S8</uName>
		<yName>S2</yName>
		<fitness>0.8889802389062269</fitness>
		<significance>0.5262527008314555</significance>
	</Invariant>
	<Invariant>
		<uName>S9</uName>
		<yName>S2</yName>
		<fitness>0.871352690683572</fitness>
		<significance>0.4999978568566649</significance>
	</Invariant>
	<Invariant>
		<uName>S5</uName>
		<yName>S1</yName>
		<fitness>0.8909757428392349</fitness>
		<significance>0.150436863167599</significance>
	</Invariant>
	<Invariant>
		<uName>S6</uName>
		<yName>S1</yName>
		<fitness>0.9306312907471774</fitness>
		<significance>0.12789837704887633</significance>
	</Invariant>
	<Invariant>
		<uName>S7</uName>
		<yName>S1</yName>
		<fitness>0.9322971962605734</fitness>
		<significance>0.11403446712730696</significance>
	</Invariant>
	<Invariant>
		<uName>S8</uName>
		<yName>S1</yName>
		<fitness>0.9323901771129647</fitness>
		<significance>0.12063185281862512</significance>
	</Invariant>
	<Invariant>
		<uName>S9</uName>
		<yName>S1</yName>
		<fitness>0.8973961756961318</fitness>
		<significance>0.1114948377807536</significance>
	</Invariant>
	<Invariant>
		<uName>S69</uName>
		<yName>S58</yName>
		<fitness>0.7894786622067639</fitness>
		<significance>0.0861106484955156</significance>
	</Invariant>
	<Invariant>
		<uName>S68</uName>
		<yName>S58</yName>
		<fitness>0.7824485592141405</fitness>
		<significance>0.10411016214134532</significance>
	</Invariant>
	<Invariant>
		<uName>S65</uName>
		<yName>S56</yName>
		<fitness>0.8400290881403697</fitness>
		<significance>0.05665725894403929</significance>
	</Invariant>
	<Invariant>
		<uName>S67</uName>
		<yName>S62</yName>
		<fitness>0.7330798496782712</fitness>
		<significance>0.2073006403767103</significance>
	</Invariant>
	<Invariant>
		<uName>S65</uName>
		<yName>S63</yName>
		<fitness>0.8799977937377494</fitness>
		<significance>0.024136069764507613</significance>
	</Invariant>
	<Invariant>
		<uName>S4</uName>
		<yName>S3</yName>
		<fitness>0.9277083947688839</fitness>
		<significance>0.0178015815320756</significance>
	</Invariant>
	<Invariant>
		<uName>S5</uName>
		<yName>S6</yName>
		<fitness>0.9024850256184945</fitness>
		<significance>0.030807579322362517</significance>
	</Invariant>
	<Invariant>
		<uName>S5</uName>
		<yName>S7</yName>
		<fitness>0.923941703894669</fitness>
		<significance>0.2407998422671807</significance>
	</Invariant>
	<Invariant>
		<uName>S5</uName>
		<yName>S8</yName>
		<fitness>0.9238099042218573</fitness>
		<significance>0.13058096035594177</significance>
	</Invariant>
	<Invariant>
		<uName>S9</uName>
		<yName>S5</yName>
		<fitness>0.8216769757617282</fitness>
		<significance>0.13793390217229673</significance>
	</Invariant>
	<Invariant>
		<uName>S6</uName>
		<yName>S7</yName>
		<fitness>0.962972878145721</fitness>
		<significance>0.18700634884865378</significance>
	</Invariant>
	<Invariant>
		<uName>S6</uName>
		<yName>S8</yName>
		<fitness>0.96056053283666</fitness>
		<significance>0.0733934383237784</significance>
	</Invariant>
	<Invariant>
		<uName>S9</uName>
		<yName>S6</yName>
		<fitness>0.9099076236816597</fitness>
		<significance>0.16109300086218015</significance>
	</Invariant>
	<Invariant>
		<uName>S7</uName>
		<yName>S8</yName>
		<fitness>0.965523016480947</fitness>
		<significance>0.10888209685765463</significance>
	</Invariant>
	<Invariant>
		<uName>S9</uName>
		<yName>S7</yName>
		<fitness>0.8876078030575671</fitness>
		<significance>0.04185325300721482</significance>
	</Invariant>
	<Invariant>
		<uName>S9</uName>
		<yName>S8</yName>
		<fitness>0.887722948784836</fitness>
		<significance>0.10934506441775096</significance>
	</Invariant>
</InvariantTable>
